date,customer_id,campaign_id,campaign_name,ad_group_id,ad_group_name,ad_id,keyword_text,search_term,device,network,timestamp,gclid,cost,reported_conversion
2026-03-02,9900112233,2201003,Google | Search | Competitor,33003,Competitor Terms,44003,aquarium tickets,aquarium family pass,mobile,SEARCH,2026-03-02 09:36:11,EAIaIQobead079759550e251718217,1.79,0
2026-03-02,9900112233,2201001,Google | Search | Brand,33001,Brand Exact,44001,sydney zoo tickets,sydney zoo family pass,mobile,SEARCH,2026-03-02 16:44:04,EAIaIQobca0312a0ff1b5b37972520,6.05,0
2026-03-02,9900112233,2201001,Google | Search | Brand,33001,Brand Exact,44001,sydney zoo discount,sydney zoo discount code,mobile,SEARCH,2026-03-02 23:30:23,EAIaIQobe65237090bf6d0324ae54d,7.13,0
2026-03-03,9900112233,2201003,Google | Search | Competitor,33003,Competitor Terms,44003,aquarium tickets,aquarium family pass,mobile,SEARCH,2026-03-03 03:11:48,EAIaIQob05530caf92361e97fc5ab6,1.01,0
2026-03-03,9900112233,2201001,Google | Search | Brand,33001,Brand Exact,44001,sydney zoo tickets,sydney zoo family pass,mobile,SEARCH,2026-03-03 11:53:18,EAIaIQobdd72e120b99e54439b714f,5.68,1
2026-03-03,9900112233,2201003,Google | Search | Competitor,33003,Competitor Terms,44003,aquarium tickets,sydney aquarium tickets,mobile,SEARCH,2026-03-03 23:40:04,EAIaIQob674ed524ef46d385193b80,6.01,0
2026-03-04,9900112233,2201001,Google | Search | Brand,33001,Brand Exact,44001,sydney zoo,sydney zoo tickets online,mobile,SEARCH,2026-03-04 17:55:13,EAIaIQobe44205107f1de1e61c1b17,2.17,0
2026-03-04,9900112233,2201002,Google | Search | Generic,33002,Zoo Tickets,44002,things to do sydney,things to do with kids sydney,mobile,SEARCH,2026-03-04 18:04:31,EAIaIQobefecc2738f1f3ac339188f,3.33,0
2026-03-04,9900112233,2201003,Google | Search | Competitor,33003,Competitor Terms,44003,featherdale wildlife park,featherdale tickets,desktop,SEARCH,2026-03-04 21:29:22,,5.37,0
2026-03-05,9900112233,2201002,Google | Search | Generic,33002,Zoo Tickets,44002,wildlife park tickets,animal encounters sydney,mobile,SEARCH,2026-03-05 11:20:43,EAIaIQobde0b6afe1b7eaa72c88355,5.92,0
2026-03-05,9900112233,2201002,Google | Search | Generic,33002,Zoo Tickets,44002,zoo tickets,cheap zoo tickets sydney,mobile,SEARCH,2026-03-05 15:41:41,EAIaIQoba5326a948fa45b95621a5e,5.17,0
2026-03-05,9900112233,2201003,Google | Search | Competitor,33003,Competitor Terms,44003,aquarium tickets,aquarium family pass,desktop,SEARCH,2026-03-05 22:50:28,EAIaIQob32d06102586ca67e4ab6e8,6.47,1
2026-03-06,9900112233,2201003,Google | Search | Competitor,33003,Competitor Terms,44003,featherdale wildlife park,featherdale discount,mobile,SEARCH,2026-03-06 00:26:24,EAIaIQob8f1fbfeda747a4c93adb8d,3.91,0
2026-03-06,9900112233,2201003,Google | Search | Competitor,33003,Competitor Terms,44003,featherdale wildlife park,featherdale discount,desktop,SEARCH,2026-03-06 00:29:22,EAIaIQobb36c07cb3b09846f3e0a17,3.47,0
2026-03-06,9900112233,2201003,Google | Search | Competitor,33003,Competitor Terms,44003,aquarium tickets,aquarium family pass,desktop,SEARCH,2026-03-06 05:50:28,EAIaIQobc61032d88834f61f81f785,6.84,0
2026-03-06,9900112233,2201002,Google | Search | Generic,33002,Zoo Tickets,44002,zoo tickets,zoo tickets family pass,mobile,SEARCH,2026-03-06 07:17:01,EAIaIQob2d89c28dd842e3f8413f4a,5.43,0
2026-03-06,9900112233,2201002,Google | Search | Generic,33002,Zoo Tickets,44002,things to do sydney,weekend activities sydney,mobile,SEARCH,2026-03-06 10:04:31,EAIaIQob17bcf0f76a6a590e81a4c9,4.61,0
2026-03-06,9900112233,2201002,Google | Search | Generic,33002,Zoo Tickets,44002,wildlife park tickets,wildlife park near me,mobile,SEARCH,2026-03-06 11:38:05,EAIaIQob130e33e3190f7014fcf856,3.38,0
2026-03-06,9900112233,2201002,Google | Search | Generic,33002,Zoo Tickets,44002,wildlife park tickets,wildlife park near me,mobile,SEARCH,2026-03-06 14:17:38,EAIaIQob0b9aaf1cf4f904c960629d,4.04,0
2026-03-06,9900112233,2201003,Google | Search | Competitor,33003,Competitor Terms,44003,aquarium tickets,aquarium family pass,mobile,SEARCH,2026-03-06 14:32:34,EAIaIQob6b311f35a1bb0ede4d7e26,1.63,0
2026-03-06,9900112233,2201001,Google | Search | Brand,33001,Brand Exact,44001,sydney zoo,sydney zoo discount code,mobile,SEARCH,2026-03-06 16:55:13,,2.57,0
2026-03-07,9900112233,2201002,Google | Search | Generic,33002,Zoo Tickets,44002,wildlife park tickets,wildlife park near me,mobile,SEARCH,2026-03-07 08:17:38,EAIaIQob8f488ca302dab7868e66aa,2.8,0
2026-03-07,9900112233,2201002,Google | Search | Generic,33002,Zoo Tickets,44002,things to do sydney,weekend activities sydney,mobile,SEARCH,2026-03-07 10:36:26,EAIaIQob6bbfbfe53f69f46bc6c6e2,1.96,0
2026-03-07,9900112233,2201002,Google | Search | Generic,33002,Zoo Tickets,44002,zoo tickets,cheap zoo tickets sydney,mobile,SEARCH,2026-03-07 11:49:24,EAIaIQob25175c864b3aed3815de47,2.61,0
2026-03-07,9900112233,2201002,Google | Search | Generic,33002,Zoo Tickets,44002,zoo tickets,cheap zoo tickets sydney,desktop,SEARCH,2026-03-07 13:32:54,EAIaIQob916ab12def6c21ca161e09,0.8,0
2026-03-07,9900112233,2201002,Google | Search | Generic,33002,Zoo Tickets,44002,family activities sydney,family day out sydney,desktop,SEARCH,2026-03-07 14:25:56,EAIaIQob28762d923fabdcd3f8e916,2.62,1
2026-03-07,9900112233,2201001,Google | Search | Brand,33001,Brand Exact,44001,sydney zoo discount,sydney zoo discount code,mobile,SEARCH,2026-03-07 15:44:40,,4.38,1
2026-03-08,9900112233,2201002,Google | Search | Generic,33002,Zoo Tickets,44002,zoo tickets,buy zoo tickets,mobile,SEARCH,2026-03-08 02:17:01,EAIaIQobf2ab9d9d00a9ac6a7a4f7c,3.23,0
2026-03-08,9900112233,2201002,Google | Search | Generic,33002,Zoo Tickets,44002,wildlife park tickets,wildlife park near me,tablet,SEARCH,2026-03-08 03:04:20,EAIaIQob02fafb9a6d1e671bf6f0fb,7.83,0
2026-03-08,9900112233,2201002,Google | Search | Generic,33002,Zoo Tickets,44002,family activities sydney,kids activities western sydney,mobile,SEARCH,2026-03-08 03:34:09,EAIaIQobced733fd4b6633db32c0f3,4.14,0
2026-03-08,9900112233,2201003,Google | Search | Competitor,33003,Competitor Terms,44003,featherdale wildlife park,featherdale discount,desktop,SEARCH,2026-03-08 06:01:33,EAIaIQob49c23eb7e296f3d4a4ebb3,4.47,0
2026-03-08,9900112233,2201002,Google | Search | Generic,33002,Zoo Tickets,44002,wildlife park tickets,animal encounters sydney,mobile,SEARCH,2026-03-08 08:38:05,,6.59,0
2026-03-08,9900112233,2201003,Google | Search | Competitor,33003,Competitor Terms,44003,featherdale wildlife park,featherdale tickets,mobile,SEARCH,2026-03-08 09:38:43,EAIaIQob5373a7328ad1ad2c7f12a6,5.52,0
2026-03-08,9900112233,2201001,Google | Search | Brand,33001,Brand Exact,44001,sydney zoo tickets,sydney zoo family pass,desktop,SEARCH,2026-03-08 11:57:56,EAIaIQob719f41f2656b6c5ca36788,7.08,0
2026-03-08,9900112233,2201002,Google | Search | Generic,33002,Zoo Tickets,44002,zoo tickets,buy zoo tickets,desktop,SEARCH,2026-03-08 12:32:54,EAIaIQobece39b09658a7ecc1c414c,3.15,0
2026-03-08,9900112233,2201003,Google | Search | Competitor,33003,Competitor Terms,44003,featherdale wildlife park,featherdale discount,mobile,SEARCH,2026-03-08 12:56:09,EAIaIQobf9a20e44afd3d42811bdbf,7.53,0
2026-03-08,9900112233,2201001,Google | Search | Brand,33001,Brand Exact,44001,sydney zoo discount,sydney zoo discount code,mobile,SEARCH,2026-03-08 16:34:01,EAIaIQob64f83c6790c2f86bab6da4,7.84,0
2026-03-08,9900112233,2201003,Google | Search | Competitor,33003,Competitor Terms,44003,taronga zoo tickets,taronga zoo prices,mobile,SEARCH,2026-03-08 20:00:44,EAIaIQob3b0859a97708084f0dace1,1.32,1
2026-03-08,9900112233,2201001,Google | Search | Brand,33001,Brand Exact,44001,sydney zoo tickets,sydney zoo family pass,desktop,SEARCH,2026-03-08 22:10:38,EAIaIQob993a95e8e506705ab8c258,5.71,0
2026-03-08,9900112233,2201003,Google | Search | Competitor,33003,Competitor Terms,44003,aquarium tickets,aquarium family pass,tablet,SEARCH,2026-03-08 23:20:26,EAIaIQob9e3033e92701f2c674c36c,6.16,0
2026-03-09,9900112233,2201003,Google | Search | Competitor,33003,Competitor Terms,44003,featherdale wildlife park,featherdale discount,desktop,SEARCH,2026-03-09 00:18:12,,1.86,0
2026-03-09,9900112233,2201001,Google | Search | Brand,33001,Brand Exact,44001,sydney zoo discount,sydney zoo discount code,mobile,SEARCH,2026-03-09 01:18:26,EAIaIQob704878ecee032adb01f690,2.86,0
2026-03-09,9900112233,2201002,Google | Search | Generic,33002,Zoo Tickets,44002,things to do sydney,things to do with kids sydney,mobile,SEARCH,2026-03-09 01:33:33,EAIaIQobcf7b0e9a77499cbdc5aa4c,2.75,0
2026-03-09,9900112233,2201002,Google | Search | Generic,33002,Zoo Tickets,44002,things to do sydney,things to do with kids sydney,mobile,SEARCH,2026-03-09 03:37:28,EAIaIQob2f0cd56a6c850ce2f5a99d,8.34,0
2026-03-09,9900112233,2201001,Google | Search | Brand,33001,Brand Exact,44001,sydney zoo discount,sydney zoo discount code,desktop,SEARCH,2026-03-09 03:55:15,EAIaIQobadf2c6c64223bec7b843b8,1.91,1
2026-03-09,9900112233,2201001,Google | Search | Brand,33001,Brand Exact,44001,sydney zoo discount,sydney zoo discount code,tablet,SEARCH,2026-03-09 04:16:49,EAIaIQob83edc07b81a365e8202170,2.89,0
2026-03-09,9900112233,2201002,Google | Search | Generic,33002,Zoo Tickets,44002,family activities sydney,family day out sydney,mobile,SEARCH,2026-03-09 05:29:03,EAIaIQob3b2f3c0999ea833b02959a,8.21,1
2026-03-09,9900112233,2201002,Google | Search | Generic,33002,Zoo Tickets,44002,wildlife park tickets,animal encounters sydney,mobile,SEARCH,2026-03-09 05:40:05,EAIaIQobf8b2ce7c2954e3ae3cb836,6.48,0
2026-03-09,9900112233,2201002,Google | Search | Generic,33002,Zoo Tickets,44002,family activities sydney,kids activities western sydney,mobile,SEARCH,2026-03-09 07:43:55,EAIaIQobfccc73b52e774b325b4de8,1.1,0
2026-03-09,9900112233,2201003,Google | Search | Competitor,33003,Competitor Terms,44003,taronga zoo tickets,taronga zoo family ticket,mobile,SEARCH,2026-03-09 07:47:12,EAIaIQob60ab5cdc65fb874ee1a581,7.0,0
2026-03-09,9900112233,2201003,Google | Search | Competitor,33003,Competitor Terms,44003,featherdale wildlife park,featherdale tickets,mobile,SEARCH,2026-03-09 22:56:09,EAIaIQob5a54c73f5790ba07ea6ebc,5.84,0
2026-03-09,9900112233,2201001,Google | Search | Brand,33001,Brand Exact,44001,sydney zoo discount,sydney zoo discount code,tablet,SEARCH,2026-03-09 23:45:51,EAIaIQobafb5ae5d75996a39f39e4b,6.57,0
2026-03-10,9900112233,2201001,Google | Search | Brand,33001,Brand Exact,44001,sydney zoo,sydney zoo opening hours,mobile,SEARCH,2026-03-10 00:20:04,EAIaIQob2274a5b9710169d729590d,1.78,1
2026-03-10,9900112233,2201002,Google | Search | Generic,33002,Zoo Tickets,44002,family activities sydney,kids activities western sydney,mobile,SEARCH,2026-03-10 03:43:55,EAIaIQob87c8be95951fd3ac24651a,6.17,0
2026-03-10,9900112233,2201001,Google | Search | Brand,33001,Brand Exact,44001,sydney zoo tickets,buy sydney zoo tickets,mobile,SEARCH,2026-03-10 04:07:22,,8.47,0
2026-03-10,9900112233,2201002,Google | Search | Generic,33002,Zoo Tickets,44002,wildlife park tickets,wildlife park near me,mobile,SEARCH,2026-03-10 05:40:05,,1.39,0
2026-03-10,9900112233,2201002,Google | Search | Generic,33002,Zoo Tickets,44002,things to do sydney,weekend activities sydney,mobile,SEARCH,2026-03-10 06:37:28,,1.74,0
2026-03-10,9900112233,2201003,Google | Search | Competitor,33003,Competitor Terms,44003,featherdale wildlife park,featherdale tickets,desktop,SEARCH,2026-03-10 06:43:16,EAIaIQob9a2d2b64c7a123947d80e3,5.23,0
2026-03-10,9900112233,2201003,Google | Search | Competitor,33003,Competitor Terms,44003,taronga zoo tickets,taronga zoo prices,mobile,SEARCH,2026-03-10 07:00:44,EAIaIQob5c1f73b4d1fa0667ab1da5,6.58,0
2026-03-10,9900112233,2201001,Google | Search | Brand,33001,Brand Exact,44001,sydney zoo tickets,buy sydney zoo tickets,mobile,SEARCH,2026-03-10 08:59:38,EAIaIQob0737310d5844c2b0928856,3.96,0
2026-03-10,9900112233,2201003,Google | Search | Competitor,33003,Competitor Terms,44003,aquarium tickets,sydney aquarium tickets,mobile,SEARCH,2026-03-10 14:24:37,EAIaIQob2fd8a7acbda98a02e6af7d,3.27,0
2026-03-10,9900112233,2201002,Google | Search | Generic,33002,Zoo Tickets,44002,zoo tickets,buy zoo tickets,desktop,SEARCH,2026-03-10 14:38:09,EAIaIQobd23221bc1cc01c80141acc,7.86,0
2026-03-10,9900112233,2201001,Google | Search | Brand,33001,Brand Exact,44001,sydney zoo discount,sydney zoo discount code,mobile,SEARCH,2026-03-10 15:38:50,EAIaIQob19e5aa14d7b77c5f390577,7.89,0
2026-03-10,9900112233,2201001,Google | Search | Brand,33001,Brand Exact,44001,sydney zoo,sydney zoo tickets online,desktop,SEARCH,2026-03-10 18:55:27,EAIaIQob61e8aa8c760145c4e38eaa,1.23,0
2026-03-10,9900112233,2201003,Google | Search | Competitor,33003,Competitor Terms,44003,aquarium tickets,aquarium family pass,mobile,SEARCH,2026-03-10 22:31:49,EAIaIQobdba8fc72de77ab733d9e6b,5.84,0
2026-03-10,9900112233,2201003,Google | Search | Competitor,33003,Competitor Terms,44003,featherdale wildlife park,featherdale discount,desktop,SEARCH,2026-03-10 23:18:12,EAIaIQob6431d3d35c0aa1e798f0b8,6.2,0
2026-03-11,9900112233,2201002,Google | Search | Generic,33002,Zoo Tickets,44002,zoo tickets,buy zoo tickets,desktop,SEARCH,2026-03-11 04:38:09,EAIaIQob51dff528b39190334e8f13,6.28,0
2026-03-11,9900112233,2201001,Google | Search | Brand,33001,Brand Exact,44001,sydney zoo,sydney zoo tickets online,desktop,SEARCH,2026-03-11 12:14:43,EAIaIQob4170c6d5fd6d4f1a67f4a5,1.67,1
2026-03-11,9900112233,2201001,Google | Search | Brand,33001,Brand Exact,44001,sydney zoo tickets,sydney zoo family pass,mobile,SEARCH,2026-03-11 14:40:46,EAIaIQob8b901d9d40c2553503ae5a,4.59,0
2026-03-11,9900112233,2201001,Google | Search | Brand,33001,Brand Exact,44001,sydney zoo tickets,buy sydney zoo tickets,mobile,SEARCH,2026-03-11 16:46:18,EAIaIQob459be112efb3820d212aa4,7.54,0
2026-03-11,9900112233,2201001,Google | Search | Brand,33001,Brand Exact,44001,sydney zoo tickets,buy sydney zoo tickets,mobile,SEARCH,2026-03-11 17:40:46,EAIaIQob707a1aedc5cde54b774e94,0.68,0
2026-03-11,9900112233,2201003,Google | Search | Competitor,33003,Competitor Terms,44003,aquarium tickets,sydney aquarium tickets,mobile,SEARCH,2026-03-11 21:26:12,EAIaIQob9a4760da97e4fbaa805734,4.01,0
2026-03-12,9900112233,2201001,Google | Search | Brand,33001,Brand Exact,44001,sydney zoo tickets,sydney zoo family pass,mobile,SEARCH,2026-03-12 00:07:22,,5.08,0
2026-03-12,9900112233,2201001,Google | Search | Brand,33001,Brand Exact,44001,sydney zoo,sydney zoo discount code,mobile,SEARCH,2026-03-12 08:24:21,EAIaIQob18b143f471204c5b1c0da2,3.39,0
2026-03-12,9900112233,2201002,Google | Search | Generic,33002,Zoo Tickets,44002,things to do sydney,weekend activities sydney,mobile,SEARCH,2026-03-12 09:58:42,EAIaIQobf89e3702310d427a6b525f,3.91,0
2026-03-12,9900112233,2201002,Google | Search | Generic,33002,Zoo Tickets,44002,things to do sydney,weekend activities sydney,tablet,SEARCH,2026-03-12 11:06:16,EAIaIQob619d65b8a21dbd5f335896,4.05,0
2026-03-12,9900112233,2201002,Google | Search | Generic,33002,Zoo Tickets,44002,zoo tickets,zoo tickets family pass,desktop,SEARCH,2026-03-12 16:07:02,EAIaIQob77e232d78cdff3fa3d187e,7.49,0
2026-03-12,9900112233,2201003,Google | Search | Competitor,33003,Competitor Terms,44003,aquarium tickets,aquarium family pass,mobile,SEARCH,2026-03-12 16:32:53,EAIaIQob879f14864e8208bd5adbc4,5.09,0
2026-03-12,9900112233,2201001,Google | Search | Brand,33001,Brand Exact,44001,sydney zoo discount,sydney zoo discount code,mobile,SEARCH,2026-03-12 18:25:06,EAIaIQob76f2157fbcbc41c041fa60,5.49,1
2026-03-12,9900112233,2201001,Google | Search | Brand,33001,Brand Exact,44001,sydney zoo discount,sydney zoo discount code,desktop,SEARCH,2026-03-12 20:06:11,EAIaIQobaa547007da75b8c4499e35,3.55,0
2026-03-12,9900112233,2201001,Google | Search | Brand,33001,Brand Exact,44001,sydney zoo,sydney zoo opening hours,mobile,SEARCH,2026-03-12 23:44:27,EAIaIQobc6e21727aefb834f4886a0,6.79,0
2026-03-13,9900112233,2201003,Google | Search | Competitor,33003,Competitor Terms,44003,aquarium tickets,sydney aquarium tickets,desktop,SEARCH,2026-03-13 01:14:49,EAIaIQoba171c4fa43698e8867bd59,6.66,0
2026-03-13,9900112233,2201002,Google | Search | Generic,33002,Zoo Tickets,44002,zoo tickets,cheap zoo tickets sydney,tablet,SEARCH,2026-03-13 05:23:06,EAIaIQob24669b3eda9488ebe0595a,1.86,0
2026-03-13,9900112233,2201003,Google | Search | Competitor,33003,Competitor Terms,44003,featherdale wildlife park,featherdale tickets,mobile,SEARCH,2026-03-13 06:28:09,EAIaIQobea78d6ebc5693818c4fa1f,3.68,0
2026-03-13,9900112233,2201003,Google | Search | Competitor,33003,Competitor Terms,44003,taronga zoo tickets,taronga zoo family ticket,mobile,SEARCH,2026-03-13 09:52:19,EAIaIQobeed14d80fd154801b808a5,4.11,0
2026-03-13,9900112233,2201002,Google | Search | Generic,33002,Zoo Tickets,44002,family activities sydney,family day out sydney,mobile,SEARCH,2026-03-13 11:27:54,EAIaIQob2e21e68ab4d31fe10e77c9,8.4,0
2026-03-13,9900112233,2201002,Google | Search | Generic,33002,Zoo Tickets,44002,things to do sydney,weekend activities sydney,mobile,SEARCH,2026-03-13 11:43:03,EAIaIQob1bc54d4815c988eee11976,5.12,1
2026-03-13,9900112233,2201002,Google | Search | Generic,33002,Zoo Tickets,44002,things to do sydney,things to do with kids sydney,tablet,SEARCH,2026-03-13 12:06:16,EAIaIQobff99c22627c7815de67d0d,0.49,0
2026-03-13,9900112233,2201002,Google | Search | Generic,33002,Zoo Tickets,44002,things to do sydney,weekend activities sydney,mobile,SEARCH,2026-03-13 14:33:26,EAIaIQobf050aed265527098728725,6.44,0
2026-03-13,9900112233,2201002,Google | Search | Generic,33002,Zoo Tickets,44002,things to do sydney,things to do with kids sydney,mobile,SEARCH,2026-03-13 16:33:26,EAIaIQoba8b6998c38c40c26f302d4,1.78,0
2026-03-13,9900112233,2201003,Google | Search | Competitor,33003,Competitor Terms,44003,aquarium tickets,sydney aquarium tickets,mobile,SEARCH,2026-03-13 19:12:27,,4.32,0
2026-03-13,9900112233,2201001,Google | Search | Brand,33001,Brand Exact,44001,sydney zoo discount,sydney zoo discount code,mobile,SEARCH,2026-03-13 21:45:39,EAIaIQobc8358195bb7b1800f538c9,2.27,0
2026-03-14,9900112233,2201001,Google | Search | Brand,33001,Brand Exact,44001,sydney zoo discount,sydney zoo discount code,mobile,SEARCH,2026-03-14 00:57:55,EAIaIQob9bf5e5da4d051380734732,7.36,0
2026-03-14,9900112233,2201001,Google | Search | Brand,33001,Brand Exact,44001,sydney zoo tickets,sydney zoo family pass,mobile,SEARCH,2026-03-14 04:53:04,EAIaIQobeff230c789c13b2c608b0d,7.84,0
2026-03-14,9900112233,2201003,Google | Search | Competitor,33003,Competitor Terms,44003,aquarium tickets,sydney aquarium tickets,mobile,SEARCH,2026-03-14 05:53:28,EAIaIQob012c3050423fc9b5d9df09,4.79,1
2026-03-14,9900112233,2201002,Google | Search | Generic,33002,Zoo Tickets,44002,family activities sydney,kids activities western sydney,desktop,SEARCH,2026-03-14 08:26:18,EAIaIQoba25d500590fba983d67874,1.32,1
2026-03-14,9900112233,2201001,Google | Search | Brand,33001,Brand Exact,44001,sydney zoo,sydney zoo tickets online,desktop,SEARCH,2026-03-14 11:13:10,EAIaIQobc11f70dfd55ee942c86c28,3.91,0
2026-03-14,9900112233,2201003,Google | Search | Competitor,33003,Competitor Terms,44003,aquarium tickets,sydney aquarium tickets,mobile,SEARCH,2026-03-14 11:32:53,EAIaIQob2e0ab6947d481f306d3fe1,7.17,0
2026-03-14,9900112233,2201002,Google | Search | Generic,33002,Zoo Tickets,44002,wildlife park tickets,animal encounters sydney,desktop,SEARCH,2026-03-14 13:09:55,EAIaIQob1283a1a7bcd576e22faaa5,2.9,0
2026-03-14,9900112233,2201001,Google | Search | Brand,33001,Brand Exact,44001,sydney zoo tickets,sydney zoo family pass,tablet,SEARCH,2026-03-14 14:55:19,EAIaIQob8037c42508f68f8023921e,7.84,0
2026-03-14,9900112233,2201003,Google | Search | Competitor,33003,Competitor Terms,44003,aquarium tickets,aquarium family pass,tablet,SEARCH,2026-03-14 15:46:24,EAIaIQob5241db7a7b4bfc4f1bb9eb,7.07,0
2026-03-14,9900112233,2201003,Google | Search | Competitor,33003,Competitor Terms,44003,aquarium tickets,aquarium family pass,desktop,SEARCH,2026-03-14 21:14:49,EAIaIQobcd06b5bc7c5ec31f4a6060,3.6,0
2026-03-14,9900112233,2201001,Google | Search | Brand,33001,Brand Exact,44001,sydney zoo tickets,buy sydney zoo tickets,tablet,SEARCH,2026-03-14 21:55:19,EAIaIQobb5663992c9c2e7db424569,3.7,0
2026-03-14,9900112233,2201002,Google | Search | Generic,33002,Zoo Tickets,44002,family activities sydney,kids activities western sydney,tablet,SEARCH,2026-03-14 23:50:45,EAIaIQob719541cca3900b94066b2b,6.29,0
2026-03-15,9900112233,2201001,Google | Search | Brand,33001,Brand Exact,44001,sydney zoo,sydney zoo discount code,desktop,SEARCH,2026-03-15 02:37:10,EAIaIQob565ddd59bd3d1ba57264b5,6.96,0
2026-03-15,9900112233,2201002,Google | Search | Generic,33002,Zoo Tickets,44002,zoo tickets,cheap zoo tickets sydney,mobile,SEARCH,2026-03-15 03:49:41,EAIaIQobeff3fc25ff4cc7202e4133,1.27,0
2026-03-15,9900112233,2201002,Google | Search | Generic,33002,Zoo Tickets,44002,family activities sydney,family day out sydney,desktop,SEARCH,2026-03-15 04:26:18,EAIaIQob3a09459930bb1f9a54c29b,1.13,0
2026-03-15,9900112233,2201003,Google | Search | Competitor,33003,Competitor Terms,44003,taronga zoo tickets,taronga zoo prices,mobile,SEARCH,2026-03-15 04:52:35,EAIaIQob7784b6ff3067cf692997ee,7.75,0
2026-03-15,9900112233,2201002,Google | Search | Generic,33002,Zoo Tickets,44002,things to do sydney,weekend activities sydney,desktop,SEARCH,2026-03-15 05:03:47,EAIaIQob9a50f1887423dc446b6211,6.84,0
2026-03-15,9900112233,2201003,Google | Search | Competitor,33003,Competitor Terms,44003,taronga zoo tickets,taronga zoo prices,mobile,SEARCH,2026-03-15 09:52:35,EAIaIQob282f9266ff963599e9d9bc,1.93,0
2026-03-15,9900112233,2201002,Google | Search | Generic,33002,Zoo Tickets,44002,wildlife park tickets,animal encounters sydney,mobile,SEARCH,2026-03-15 11:50:17,EAIaIQobe30733456b1a4d214c7895,1.06,0
2026-03-15,9900112233,2201003,Google | Search | Competitor,33003,Competitor Terms,44003,aquarium tickets,sydney aquarium tickets,mobile,SEARCH,2026-03-15 12:53:28,EAIaIQobd745cf925bf4458108b955,2.39,0
2026-03-15,9900112233,2201001,Google | Search | Brand,33001,Brand Exact,44001,sydney zoo tickets,sydney zoo family pass,mobile,SEARCH,2026-03-15 16:29:04,EAIaIQobe6cf932f6bcb952818c836,2.07,0
2026-03-15,9900112233,2201003,Google | Search | Competitor,33003,Competitor Terms,44003,featherdale wildlife park,featherdale discount,mobile,SEARCH,2026-03-15 19:35:50,EAIaIQob5298a729bf00a1dcf658a0,2.15,1
2026-03-16,9900112233,2201002,Google | Search | Generic,33002,Zoo Tickets,44002,zoo tickets,buy zoo tickets,desktop,SEARCH,2026-03-16 01:01:36,EAIaIQobf9262471667143a9314f59,6.94,0
2026-03-16,9900112233,2201003,Google | Search | Competitor,33003,Competitor Terms,44003,taronga zoo tickets,taronga zoo family ticket,mobile,SEARCH,2026-03-16 07:26:24,EAIaIQob4b3735f5ea04ffd13af05f,6.81,0
2026-03-16,9900112233,2201003,Google | Search | Competitor,33003,Competitor Terms,44003,taronga zoo tickets,taronga zoo prices,mobile,SEARCH,2026-03-16 08:53:19,EAIaIQob2e061c202953e3daaa4081,4.41,1
2026-03-16,9900112233,2201002,Google | Search | Generic,33002,Zoo Tickets,44002,family activities sydney,family day out sydney,desktop,SEARCH,2026-03-16 09:07:00,EAIaIQobefea33d6e59710a99731a8,3.83,0
2026-03-16,9900112233,2201003,Google | Search | Competitor,33003,Competitor Terms,44003,taronga zoo tickets,taronga zoo family ticket,mobile,SEARCH,2026-03-16 13:31:47,,5.66,0
2026-03-16,9900112233,2201002,Google | Search | Generic,33002,Zoo Tickets,44002,wildlife park tickets,animal encounters sydney,mobile,SEARCH,2026-03-16 17:20:52,EAIaIQob9ee38c30879a63dc92fcbf,1.45,0
2026-03-17,9900112233,2201001,Google | Search | Brand,33001,Brand Exact,44001,sydney zoo discount,sydney zoo discount code,mobile,SEARCH,2026-03-17 00:54:53,EAIaIQobd1765d6712bda8203e8f7c,2.7,0
2026-03-17,9900112233,2201003,Google | Search | Competitor,33003,Competitor Terms,44003,aquarium tickets,sydney aquarium tickets,tablet,SEARCH,2026-03-17 03:55:09,EAIaIQobdaa90b3bc9333af5544d17,8.49,1
2026-03-17,9900112233,2201001,Google | Search | Brand,33001,Brand Exact,44001,sydney zoo,sydney zoo tickets online,mobile,SEARCH,2026-03-17 05:07:48,EAIaIQobf009fe81674cef8b2e33d4,6.11,0
2026-03-17,9900112233,2201003,Google | Search | Competitor,33003,Competitor Terms,44003,taronga zoo tickets,taronga zoo family ticket,desktop,SEARCH,2026-03-17 15:41:09,EAIaIQobe3384b97cc03fba0d41a3a,7.43,0
2026-03-17,9900112233,2201001,Google | Search | Brand,33001,Brand Exact,44001,sydney zoo tickets,sydney zoo family pass,mobile,SEARCH,2026-03-17 17:35:58,EAIaIQoba39ccb3ab83781b439a5ec,3.53,0
2026-03-17,9900112233,2201002,Google | Search | Generic,33002,Zoo Tickets,44002,family activities sydney,kids activities western sydney,tablet,SEARCH,2026-03-17 18:50:03,EAIaIQob76602875b81a073adb6535,6.51,0
2026-03-17,9900112233,2201003,Google | Search | Competitor,33003,Competitor Terms,44003,taronga zoo tickets,taronga zoo family ticket,mobile,SEARCH,2026-03-17 20:26:24,EAIaIQob3d52e0d2242a00c3520b8b,3.52,0
2026-03-18,9900112233,2201003,Google | Search | Competitor,33003,Competitor Terms,44003,taronga zoo tickets,taronga zoo prices,mobile,SEARCH,2026-03-18 00:53:19,EAIaIQob70199ef1c75eb0bbaac17d,6.07,1
2026-03-18,9900112233,2201001,Google | Search | Brand,33001,Brand Exact,44001,sydney zoo tickets,buy sydney zoo tickets,mobile,SEARCH,2026-03-18 04:29:32,EAIaIQob1674d7b762c9143699ea6f,3.26,0
2026-03-18,9900112233,2201003,Google | Search | Competitor,33003,Competitor Terms,44003,taronga zoo tickets,taronga zoo family ticket,desktop,SEARCH,2026-03-18 04:41:09,EAIaIQobae17802e036bb6fc7d5f65,2.72,0
2026-03-18,9900112233,2201002,Google | Search | Generic,33002,Zoo Tickets,44002,family activities sydney,kids activities western sydney,tablet,SEARCH,2026-03-18 04:50:03,,3.74,0
2026-03-18,9900112233,2201003,Google | Search | Competitor,33003,Competitor Terms,44003,aquarium tickets,aquarium family pass,desktop,SEARCH,2026-03-18 07:05:44,EAIaIQoba132f7c00f7dac9d1ae9b8,6.57,0
2026-03-18,9900112233,2201001,Google | Search | Brand,33001,Brand Exact,44001,sydney zoo tickets,buy sydney zoo tickets,desktop,SEARCH,2026-03-18 08:20:56,EAIaIQob1b0d005e2f0cba33e5d91a,0.97,0
2026-03-18,9900112233,2201002,Google | Search | Generic,33002,Zoo Tickets,44002,family activities sydney,family day out sydney,mobile,SEARCH,2026-03-18 10:15:28,EAIaIQob227b52b3c9f0cde6e6e373,8.44,0
2026-03-18,9900112233,2201003,Google | Search | Competitor,33003,Competitor Terms,44003,taronga zoo tickets,taronga zoo family ticket,mobile,SEARCH,2026-03-18 11:40:52,EAIaIQobacd5ed47f8ca484fc38c76,7.44,1
2026-03-18,9900112233,2201001,Google | Search | Brand,33001,Brand Exact,44001,sydney zoo,sydney zoo opening hours,desktop,SEARCH,2026-03-18 17:20:11,EAIaIQob055dee5ca97e570d173290,3.36,0
2026-03-18,9900112233,2201002,Google | Search | Generic,33002,Zoo Tickets,44002,family activities sydney,kids activities western sydney,mobile,SEARCH,2026-03-18 22:00:17,EAIaIQobe1273ffb80f2baf9db86b0,1.02,0
2026-03-19,9900112233,2201002,Google | Search | Generic,33002,Zoo Tickets,44002,family activities sydney,family day out sydney,mobile,SEARCH,2026-03-19 01:00:17,EAIaIQoba12c8df53fb9c23dcee875,2.92,0
2026-03-19,9900112233,2201002,Google | Search | Generic,33002,Zoo Tickets,44002,things to do sydney,things to do with kids sydney,mobile,SEARCH,2026-03-19 01:06:36,EAIaIQobd7babd0ce2d45f7e0d4dd8,7.58,0
2026-03-19,9900112233,2201003,Google | Search | Competitor,33003,Competitor Terms,44003,aquarium tickets,aquarium family pass,desktop,SEARCH,2026-03-19 01:13:43,EAIaIQob188db09f3d9149d17032ba,4.74,1
2026-03-19,9900112233,2201002,Google | Search | Generic,33002,Zoo Tickets,44002,wildlife park tickets,animal encounters sydney,mobile,SEARCH,2026-03-19 01:32:39,EAIaIQobbef3de115e4f5a2da84dc6,4.57,0
2026-03-19,9900112233,2201001,Google | Search | Brand,33001,Brand Exact,44001,sydney zoo tickets,sydney zoo family pass,mobile,SEARCH,2026-03-19 03:28:19,EAIaIQobf9b3c56429026ccdfc4f66,8.47,0
2026-03-19,9900112233,2201001,Google | Search | Brand,33001,Brand Exact,44001,sydney zoo discount,sydney zoo discount code,mobile,SEARCH,2026-03-19 08:40:15,EAIaIQob45fd1b7fc4cf6e29137df1,8.18,0
2026-03-19,9900112233,2201001,Google | Search | Brand,33001,Brand Exact,44001,sydney zoo tickets,buy sydney zoo tickets,desktop,SEARCH,2026-03-19 09:15:17,EAIaIQob512e27fc37a3b5ac1264bc,4.78,1
2026-03-19,9900112233,2201003,Google | Search | Competitor,33003,Competitor Terms,44003,featherdale wildlife park,featherdale discount,mobile,SEARCH,2026-03-19 12:52:18,EAIaIQobcfa23f6db216cbc9cf8bed,4.45,0
2026-03-19,9900112233,2201003,Google | Search | Competitor,33003,Competitor Terms,44003,taronga zoo tickets,taronga zoo prices,mobile,SEARCH,2026-03-19 17:58:47,EAIaIQob0e8f0af537d360a72c1569,5.8,0
2026-03-19,9900112233,2201002,Google | Search | Generic,33002,Zoo Tickets,44002,family activities sydney,kids activities western sydney,mobile,SEARCH,2026-03-19 22:15:28,EAIaIQobb2f87edd72591337cbe0b4,2.17,0
2026-03-20,9900112233,2201001,Google | Search | Brand,33001,Brand Exact,44001,sydney zoo tickets,buy sydney zoo tickets,mobile,SEARCH,2026-03-20 02:27:33,EAIaIQobb2e209c3e6293f90790135,6.89,0
2026-03-20,9900112233,2201003,Google | Search | Competitor,33003,Competitor Terms,44003,aquarium tickets,sydney aquarium tickets,mobile,SEARCH,2026-03-20 04:20:22,EAIaIQob1bff4762edfb60b6944db8,3.08,0
2026-03-20,9900112233,2201002,Google | Search | Generic,33002,Zoo Tickets,44002,family activities sydney,family day out sydney,mobile,SEARCH,2026-03-20 06:22:32,EAIaIQob1eab3d4841b30e33157a2f,8.32,0
2026-03-20,9900112233,2201001,Google | Search | Brand,33001,Brand Exact,44001,sydney zoo,sydney zoo tickets online,mobile,SEARCH,2026-03-20 06:39:18,EAIaIQob662b345d591b1efeab6cbb,6.3,0
2026-03-20,9900112233,2201002,Google | Search | Generic,33002,Zoo Tickets,44002,zoo tickets,zoo tickets family pass,mobile,SEARCH,2026-03-20 07:53:41,EAIaIQob5c3f24c88b8ae9922b9eb0,3.45,0
2026-03-20,9900112233,2201003,Google | Search | Competitor,33003,Competitor Terms,44003,taronga zoo tickets,taronga zoo family ticket,mobile,SEARCH,2026-03-20 11:18:18,EAIaIQob7e07dc1146a6d410cd548f,5.37,1
2026-03-20,9900112233,2201001,Google | Search | Brand,33001,Brand Exact,44001,sydney zoo,sydney zoo opening hours,mobile,SEARCH,2026-03-20 12:02:45,EAIaIQob06011cc7ff1fdcb80e30c9,3.21,0
2026-03-20,9900112233,2201001,Google | Search | Brand,33001,Brand Exact,44001,sydney zoo,sydney zoo opening hours,mobile,SEARCH,2026-03-20 12:04:50,EAIaIQob8bc53d2b0948771229a3b1,2.38,0
2026-03-20,9900112233,2201001,Google | Search | Brand,33001,Brand Exact,44001,sydney zoo tickets,sydney zoo family pass,tablet,SEARCH,2026-03-20 12:08:36,EAIaIQob2e559f439bd1c9c510e2a8,2.85,0
2026-03-20,9900112233,2201003,Google | Search | Competitor,33003,Competitor Terms,44003,taronga zoo tickets,taronga zoo prices,mobile,SEARCH,2026-03-20 12:48:26,EAIaIQob20fa9fa6037bfa6bcacda4,5.74,1
2026-03-20,9900112233,2201001,Google | Search | Brand,33001,Brand Exact,44001,sydney zoo discount,sydney zoo discount code,mobile,SEARCH,2026-03-20 14:11:31,EAIaIQob1be43a65c25fc1ebe879ab,4.91,0
2026-03-20,9900112233,2201001,Google | Search | Brand,33001,Brand Exact,44001,sydney zoo discount,sydney zoo discount code,mobile,SEARCH,2026-03-20 14:12:30,EAIaIQobfa078d82102a0ca1eefc3a,6.52,1
2026-03-20,9900112233,2201001,Google | Search | Brand,33001,Brand Exact,44001,sydney zoo,sydney zoo opening hours,mobile,SEARCH,2026-03-20 18:03:37,EAIaIQobc75b01c24682e460fb6f3f,2.13,0
2026-03-20,9900112233,2201002,Google | Search | Generic,33002,Zoo Tickets,44002,wildlife park tickets,wildlife park near me,mobile,SEARCH,2026-03-20 18:04:30,EAIaIQob28450709a42892466dcb86,4.51,1
2026-03-20,9900112233,2201003,Google | Search | Competitor,33003,Competitor Terms,44003,taronga zoo tickets,taronga zoo prices,mobile,SEARCH,2026-03-20 19:48:26,,0.61,0
2026-03-20,9900112233,2201002,Google | Search | Generic,33002,Zoo Tickets,44002,zoo tickets,buy zoo tickets,mobile,SEARCH,2026-03-20 20:51:48,EAIaIQobf34c819e9c780cc6842899,1.82,0
2026-03-21,9900112233,2201001,Google | Search | Brand,33001,Brand Exact,44001,sydney zoo,sydney zoo opening hours,mobile,SEARCH,2026-03-21 04:54:23,EAIaIQob04300ef58a60865cfe1dd3,1.23,0
2026-03-21,9900112233,2201003,Google | Search | Competitor,33003,Competitor Terms,44003,aquarium tickets,sydney aquarium tickets,mobile,SEARCH,2026-03-21 06:20:22,EAIaIQob03ec98bc9a6a5c824b8b92,3.61,0
2026-03-21,9900112233,2201002,Google | Search | Generic,33002,Zoo Tickets,44002,things to do sydney,weekend activities sydney,desktop,SEARCH,2026-03-21 07:40:28,,4.82,0
2026-03-21,9900112233,2201002,Google | Search | Generic,33002,Zoo Tickets,44002,zoo tickets,cheap zoo tickets sydney,desktop,SEARCH,2026-03-21 08:50:24,EAIaIQob7c3e113adf55c72c82dc61,6.12,0
2026-03-21,9900112233,2201002,Google | Search | Generic,33002,Zoo Tickets,44002,zoo tickets,zoo tickets family pass,mobile,SEARCH,2026-03-21 12:12:57,EAIaIQoba9c9b1e1c41c76a7826c8f,1.7,0
2026-03-21,9900112233,2201001,Google | Search | Brand,33001,Brand Exact,44001,sydney zoo tickets,buy sydney zoo tickets,mobile,SEARCH,2026-03-21 13:11:12,EAIaIQobc1fa799aeaf5f577ac9517,0.85,0
2026-03-21,9900112233,2201001,Google | Search | Brand,33001,Brand Exact,44001,sydney zoo tickets,sydney zoo family pass,mobile,SEARCH,2026-03-21 13:48:27,EAIaIQob043d685a6c64073a073e8c,1.43,0
2026-03-21,9900112233,2201001,Google | Search | Brand,33001,Brand Exact,44001,sydney zoo,sydney zoo tickets online,desktop,SEARCH,2026-03-21 21:59:08,,8.14,0
2026-03-21,9900112233,2201002,Google | Search | Generic,33002,Zoo Tickets,44002,wildlife park tickets,wildlife park near me,mobile,SEARCH,2026-03-21 23:04:30,EAIaIQob0c465c5e9c453cc02d5cec,5.73,0
2026-03-22,9900112233,2201002,Google | Search | Generic,33002,Zoo Tickets,44002,family activities sydney,family day out sydney,mobile,SEARCH,2026-03-22 01:22:32,EAIaIQobe73f5ae198bee2e2ef67ef,6.46,0
2026-03-22,9900112233,2201003,Google | Search | Competitor,33003,Competitor Terms,44003,featherdale wildlife park,featherdale tickets,mobile,SEARCH,2026-03-22 01:30:52,,2.92,0
2026-03-22,9900112233,2201001,Google | Search | Brand,33001,Brand Exact,44001,sydney zoo tickets,buy sydney zoo tickets,mobile,SEARCH,2026-03-22 04:59:23,,4.45,1
2026-03-22,9900112233,2201001,Google | Search | Brand,33001,Brand Exact,44001,sydney zoo tickets,sydney zoo family pass,mobile,SEARCH,2026-03-22 05:00:01,EAIaIQob2b7789aedb7eb66fa57f23,6.04,0
2026-03-22,9900112233,2201003,Google | Search | Competitor,33003,Competitor Terms,44003,aquarium tickets,aquarium family pass,mobile,SEARCH,2026-03-22 09:26:28,,1.64,0
2026-03-22,9900112233,2201002,Google | Search | Generic,33002,Zoo Tickets,44002,zoo tickets,zoo tickets family pass,mobile,SEARCH,2026-03-22 11:30:29,EAIaIQob5fb4d72ee64fb42bd93246,3.15,0
2026-03-22,9900112233,2201001,Google | Search | Brand,33001,Brand Exact,44001,sydney zoo tickets,sydney zoo family pass,mobile,SEARCH,2026-03-22 12:29:28,EAIaIQobfdec7adda733296db5c7ff,3.26,0
2026-03-22,9900112233,2201001,Google | Search | Brand,33001,Brand Exact,44001,sydney zoo,sydney zoo opening hours,mobile,SEARCH,2026-03-22 16:00:34,EAIaIQobdf2a36e77f75a283b9fbc5,4.23,0
2026-03-22,9900112233,2201002,Google | Search | Generic,33002,Zoo Tickets,44002,wildlife park tickets,wildlife park near me,mobile,SEARCH,2026-03-22 17:59:06,,1.35,1
2026-03-22,9900112233,2201003,Google | Search | Competitor,33003,Competitor Terms,44003,featherdale wildlife park,featherdale discount,mobile,SEARCH,2026-03-22 21:30:52,EAIaIQob4d49c70b8dc51f0d61c170,1.07,0
2026-03-22,9900112233,2201001,Google | Search | Brand,33001,Brand Exact,44001,sydney zoo,sydney zoo discount code,mobile,SEARCH,2026-03-22 23:54:23,EAIaIQob70c10bbd4925cda0791a2c,6.97,0
2026-03-23,9900112233,2201003,Google | Search | Competitor,33003,Competitor Terms,44003,featherdale wildlife park,featherdale discount,mobile,SEARCH,2026-03-23 03:49:38,EAIaIQob4b0cea4aeabe276ae93946,7.54,0
2026-03-23,9900112233,2201001,Google | Search | Brand,33001,Brand Exact,44001,sydney zoo,sydney zoo opening hours,mobile,SEARCH,2026-03-23 06:34:54,EAIaIQoba52e2cb80fc6999a6085b3,8.44,0
2026-03-23,9900112233,2201002,Google | Search | Generic,33002,Zoo Tickets,44002,zoo tickets,zoo tickets family pass,mobile,SEARCH,2026-03-23 07:11:50,EAIaIQob18734c2754ae0bc0ea46ab,7.73,0
2026-03-23,9900112233,2201003,Google | Search | Competitor,33003,Competitor Terms,44003,aquarium tickets,sydney aquarium tickets,mobile,SEARCH,2026-03-23 08:25:06,EAIaIQob037235b79906e14eae5263,7.84,0
2026-03-23,9900112233,2201002,Google | Search | Generic,33002,Zoo Tickets,44002,things to do sydney,things to do with kids sydney,mobile,SEARCH,2026-03-23 09:29:38,EAIaIQob13eb7a86f57cffbdc14dc1,2.03,0
2026-03-23,9900112233,2201001,Google | Search | Brand,33001,Brand Exact,44001,sydney zoo tickets,sydney zoo family pass,desktop,SEARCH,2026-03-23 11:37:37,,5.13,0
2026-03-23,9900112233,2201001,Google | Search | Brand,33001,Brand Exact,44001,sydney zoo,sydney zoo discount code,mobile,SEARCH,2026-03-23 11:42:15,EAIaIQob43e5771a06d74d36756791,2.55,0
2026-03-23,9900112233,2201001,Google | Search | Brand,33001,Brand Exact,44001,sydney zoo tickets,buy sydney zoo tickets,mobile,SEARCH,2026-03-23 13:00:01,,1.52,0
2026-03-23,9900112233,2201002,Google | Search | Generic,33002,Zoo Tickets,44002,things to do sydney,weekend activities sydney,mobile,SEARCH,2026-03-23 15:09:17,EAIaIQob3d6435d5b79d0c5ca20c06,4.75,0
2026-03-23,9900112233,2201003,Google | Search | Competitor,33003,Competitor Terms,44003,taronga zoo tickets,taronga zoo family ticket,mobile,SEARCH,2026-03-23 16:23:09,,3.42,1
2026-03-23,9900112233,2201003,Google | Search | Competitor,33003,Competitor Terms,44003,featherdale wildlife park,featherdale tickets,mobile,SEARCH,2026-03-23 16:53:01,EAIaIQob01c6e13e4f2907af8ed540,1.68,0
2026-03-23,9900112233,2201003,Google | Search | Competitor,33003,Competitor Terms,44003,aquarium tickets,aquarium family pass,tablet,SEARCH,2026-03-23 17:11:35,EAIaIQobaa160eabe61c6288d310c2,7.89,0
2026-03-23,9900112233,2201003,Google | Search | Competitor,33003,Competitor Terms,44003,aquarium tickets,aquarium family pass,desktop,SEARCH,2026-03-23 18:18:00,,4.51,0
2026-03-23,9900112233,2201001,Google | Search | Brand,33001,Brand Exact,44001,sydney zoo tickets,sydney zoo family pass,desktop,SEARCH,2026-03-23 21:32:08,EAIaIQob998758a8db2cdbbf5cb353,3.43,0
2026-03-24,9900112233,2201002,Google | Search | Generic,33002,Zoo Tickets,44002,family activities sydney,kids activities western sydney,mobile,SEARCH,2026-03-24 01:24:26,EAIaIQobd0ef6f1f892ffd8fdad620,4.32,0
2026-03-24,9900112233,2201001,Google | Search | Brand,33001,Brand Exact,44001,sydney zoo discount,sydney zoo discount code,mobile,SEARCH,2026-03-24 03:28:10,EAIaIQob20ca01f5cb13f3ec37d59c,0.91,0
2026-03-24,9900112233,2201003,Google | Search | Competitor,33003,Competitor Terms,44003,aquarium tickets,aquarium family pass,mobile,SEARCH,2026-03-24 09:33:01,EAIaIQobb314f1b99da7b189d205e2,1.85,0
2026-03-24,9900112233,2201002,Google | Search | Generic,33002,Zoo Tickets,44002,things to do sydney,things to do with kids sydney,mobile,SEARCH,2026-03-24 10:29:38,EAIaIQob33db97c29d40de5cdee799,2.22,0
2026-03-24,9900112233,2201003,Google | Search | Competitor,33003,Competitor Terms,44003,aquarium tickets,sydney aquarium tickets,tablet,SEARCH,2026-03-24 11:11:35,EAIaIQob3c6aa58d702b4aa4a5601e,3.59,0
2026-03-24,9900112233,2201003,Google | Search | Competitor,33003,Competitor Terms,44003,taronga zoo tickets,taronga zoo prices,mobile,SEARCH,2026-03-24 11:23:09,EAIaIQobce74d7301c5e47f25f9c74,1.92,0
2026-03-24,9900112233,2201003,Google | Search | Competitor,33003,Competitor Terms,44003,aquarium tickets,aquarium family pass,mobile,SEARCH,2026-03-24 15:56:32,EAIaIQob7e849b290d40d6407ad68e,7.75,0
2026-03-25,9900112233,2201002,Google | Search | Generic,33002,Zoo Tickets,44002,things to do sydney,weekend activities sydney,mobile,SEARCH,2026-03-25 01:50:17,EAIaIQob9da09118f6131f52aaab51,1.24,0
2026-03-25,9900112233,2201002,Google | Search | Generic,33002,Zoo Tickets,44002,wildlife park tickets,wildlife park near me,mobile,SEARCH,2026-03-25 03:06:18,EAIaIQobc5a2c63c667dc5020cf15f,1.86,0
2026-03-25,9900112233,2201002,Google | Search | Generic,33002,Zoo Tickets,44002,things to do sydney,things to do with kids sydney,desktop,SEARCH,2026-03-25 03:33:17,EAIaIQob21e4881fdd03ccff171cc7,1.52,0
2026-03-25,9900112233,2201002,Google | Search | Generic,33002,Zoo Tickets,44002,wildlife park tickets,animal encounters sydney,mobile,SEARCH,2026-03-25 07:06:18,EAIaIQobae0aba846a84be048eb738,5.23,0
2026-03-25,9900112233,2201001,Google | Search | Brand,33001,Brand Exact,44001,sydney zoo discount,sydney zoo discount code,desktop,SEARCH,2026-03-25 07:55:55,EAIaIQobb57ab16f708d6048d33d2d,5.75,1
2026-03-25,9900112233,2201001,Google | Search | Brand,33001,Brand Exact,44001,sydney zoo discount,sydney zoo discount code,mobile,SEARCH,2026-03-25 09:42:58,,1.15,0
2026-03-25,9900112233,2201002,Google | Search | Generic,33002,Zoo Tickets,44002,zoo tickets,cheap zoo tickets sydney,mobile,SEARCH,2026-03-25 11:04:28,EAIaIQob9ccca74973e4caeebef998,7.29,0
2026-03-25,9900112233,2201003,Google | Search | Competitor,33003,Competitor Terms,44003,taronga zoo tickets,taronga zoo family ticket,mobile,SEARCH,2026-03-25 16:00:10,EAIaIQobc2e54d68021693d2026f98,1.31,0
2026-03-25,9900112233,2201002,Google | Search | Generic,33002,Zoo Tickets,44002,family activities sydney,family day out sydney,mobile,SEARCH,2026-03-25 17:17:32,EAIaIQob9398d904944aa45ef7653c,4.79,0
2026-03-25,9900112233,2201001,Google | Search | Brand,33001,Brand Exact,44001,sydney zoo tickets,buy sydney zoo tickets,desktop,SEARCH,2026-03-25 20:32:08,EAIaIQob9e2a6ccd0f59ffd5845111,4.09,0
2026-03-26,9900112233,2201002,Google | Search | Generic,33002,Zoo Tickets,44002,zoo tickets,buy zoo tickets,desktop,SEARCH,2026-03-26 00:34:55,EAIaIQobb7c6567be1435f72da9cdf,3.45,0
2026-03-26,9900112233,2201001,Google | Search | Brand,33001,Brand Exact,44001,sydney zoo,sydney zoo discount code,mobile,SEARCH,2026-03-26 01:05:06,EAIaIQobdd0f60a1a1b062a39762b3,2.77,0
2026-03-26,9900112233,2201003,Google | Search | Competitor,33003,Competitor Terms,44003,featherdale wildlife park,featherdale discount,desktop,SEARCH,2026-03-26 03:05:39,EAIaIQob0cfe17d702ace2646c9788,4.29,0
2026-03-26,9900112233,2201002,Google | Search | Generic,33002,Zoo Tickets,44002,things to do sydney,weekend activities sydney,desktop,SEARCH,2026-03-26 03:20:25,EAIaIQob16535ac25dc97e3a2b1b39,1.72,0
2026-03-26,9900112233,2201002,Google | Search | Generic,33002,Zoo Tickets,44002,wildlife park tickets,animal encounters sydney,mobile,SEARCH,2026-03-26 08:46:09,EAIaIQobadf86ce9f4544561385e42,7.14,0
2026-03-26,9900112233,2201002,Google | Search | Generic,33002,Zoo Tickets,44002,family activities sydney,kids activities western sydney,mobile,SEARCH,2026-03-26 11:23:12,EAIaIQobd298e1bd320df8f27d7668,5.82,1
2026-03-26,9900112233,2201003,Google | Search | Competitor,33003,Competitor Terms,44003,aquarium tickets,aquarium family pass,desktop,SEARCH,2026-03-26 14:51:26,EAIaIQob70e3fca584f94efd6dfd13,1.62,0
2026-03-26,9900112233,2201002,Google | Search | Generic,33002,Zoo Tickets,44002,wildlife park tickets,wildlife park near me,mobile,SEARCH,2026-03-26 16:14:39,EAIaIQob93f8cd3da053cd7549cb1e,6.39,0
2026-03-26,9900112233,2201003,Google | Search | Competitor,33003,Competitor Terms,44003,featherdale wildlife park,featherdale discount,mobile,SEARCH,2026-03-26 23:59:19,EAIaIQobfafbdf4dff57b604212891,1.45,0
2026-03-27,9900112233,2201003,Google | Search | Competitor,33003,Competitor Terms,44003,taronga zoo tickets,taronga zoo prices,mobile,SEARCH,2026-03-27 06:03:29,,1.26,0
2026-03-27,9900112233,2201002,Google | Search | Generic,33002,Zoo Tickets,44002,things to do sydney,things to do with kids sydney,mobile,SEARCH,2026-03-27 07:43:28,EAIaIQobab47f8476687ade467a638,6.98,0
2026-03-27,9900112233,2201001,Google | Search | Brand,33001,Brand Exact,44001,sydney zoo,sydney zoo opening hours,mobile,SEARCH,2026-03-27 10:05:06,EAIaIQob960febc6220cb7a7602b9c,0.61,0
2026-03-27,9900112233,2201002,Google | Search | Generic,33002,Zoo Tickets,44002,wildlife park tickets,animal encounters sydney,desktop,SEARCH,2026-03-27 10:55:21,EAIaIQoba0698e78355b66f64b9b3a,1.44,0
2026-03-27,9900112233,2201002,Google | Search | Generic,33002,Zoo Tickets,44002,wildlife park tickets,wildlife park near me,mobile,SEARCH,2026-03-27 13:45:30,EAIaIQobe3c58fc7033b563b166f8b,2.75,0
2026-03-27,9900112233,2201003,Google | Search | Competitor,33003,Competitor Terms,44003,aquarium tickets,sydney aquarium tickets,desktop,SEARCH,2026-03-27 17:02:37,EAIaIQobc5ec9bf4876ad333298559,1.0,1
2026-03-27,9900112233,2201003,Google | Search | Competitor,33003,Competitor Terms,44003,taronga zoo tickets,taronga zoo family ticket,mobile,SEARCH,2026-03-27 20:48:11,EAIaIQob90ed00b38facfecfb47579,1.38,0
2026-03-27,9900112233,2201003,Google | Search | Competitor,33003,Competitor Terms,44003,taronga zoo tickets,taronga zoo family ticket,mobile,SEARCH,2026-03-27 23:50:55,EAIaIQob5e5b1e39632ee85912fa69,7.27,0
2026-03-28,9900112233,2201003,Google | Search | Competitor,33003,Competitor Terms,44003,featherdale wildlife park,featherdale tickets,mobile,SEARCH,2026-03-28 01:12:06,EAIaIQob3fa23da197f641c4716201,5.81,0
2026-03-28,9900112233,2201001,Google | Search | Brand,33001,Brand Exact,44001,sydney zoo tickets,sydney zoo family pass,tablet,SEARCH,2026-03-28 01:49:58,EAIaIQobfb74fd1654b0d60dcfebde,6.72,0
2026-03-28,9900112233,2201001,Google | Search | Brand,33001,Brand Exact,44001,sydney zoo discount,sydney zoo discount code,tablet,SEARCH,2026-03-28 03:22:50,EAIaIQob149eb74c699f69cdadacba,6.6,0
2026-03-28,9900112233,2201002,Google | Search | Generic,33002,Zoo Tickets,44002,wildlife park tickets,wildlife park near me,mobile,SEARCH,2026-03-28 04:46:09,EAIaIQob03444314ab6baac808ef5b,4.35,0
2026-03-28,9900112233,2201002,Google | Search | Generic,33002,Zoo Tickets,44002,family activities sydney,kids activities western sydney,mobile,SEARCH,2026-03-28 09:46:00,EAIaIQoba62e10eb94bc7224732b9b,5.42,0
2026-03-28,9900112233,2201003,Google | Search | Competitor,33003,Competitor Terms,44003,taronga zoo tickets,taronga zoo prices,mobile,SEARCH,2026-03-28 12:43:39,EAIaIQob2fba717046d1497d603260,2.98,0
2026-03-28,9900112233,2201002,Google | Search | Generic,33002,Zoo Tickets,44002,wildlife park tickets,animal encounters sydney,desktop,SEARCH,2026-03-28 15:55:21,EAIaIQob230b0243f478ecb1792c99,4.39,0
2026-03-28,9900112233,2201003,Google | Search | Competitor,33003,Competitor Terms,44003,taronga zoo tickets,taronga zoo family ticket,desktop,SEARCH,2026-03-28 16:04:12,,6.76,0
2026-03-28,9900112233,2201001,Google | Search | Brand,33001,Brand Exact,44001,sydney zoo discount,sydney zoo discount code,mobile,SEARCH,2026-03-28 20:09:16,EAIaIQob1c2a8469ba65475412a11f,2.68,1
2026-03-28,9900112233,2201003,Google | Search | Competitor,33003,Competitor Terms,44003,taronga zoo tickets,taronga zoo prices,mobile,SEARCH,2026-03-28 23:23:06,EAIaIQob212b155151606cb8132cd3,1.0,0
2026-03-29,9900112233,2201001,Google | Search | Brand,33001,Brand Exact,44001,sydney zoo,sydney zoo tickets online,desktop,SEARCH,2026-03-29 02:42:36,EAIaIQob3fd7e1a1111037c04fac03,6.84,0
2026-03-29,9900112233,2201003,Google | Search | Competitor,33003,Competitor Terms,44003,taronga zoo tickets,taronga zoo prices,desktop,SEARCH,2026-03-29 05:25:41,,1.4,0
2026-03-29,9900112233,2201003,Google | Search | Competitor,33003,Competitor Terms,44003,taronga zoo tickets,taronga zoo family ticket,mobile,SEARCH,2026-03-29 06:41:40,EAIaIQobdacc7362c6bfc6725703d7,3.43,0
2026-03-29,9900112233,2201002,Google | Search | Generic,33002,Zoo Tickets,44002,family activities sydney,family day out sydney,mobile,SEARCH,2026-03-29 06:46:00,EAIaIQob031815c83ca43caf72a0a4,2.17,0
2026-03-29,9900112233,2201003,Google | Search | Competitor,33003,Competitor Terms,44003,aquarium tickets,sydney aquarium tickets,desktop,SEARCH,2026-03-29 06:55:52,EAIaIQobe0f207fa6796f7e15103d4,5.41,0
2026-03-29,9900112233,2201003,Google | Search | Competitor,33003,Competitor Terms,44003,taronga zoo tickets,taronga zoo prices,mobile,SEARCH,2026-03-29 08:45:22,EAIaIQobc70d0332cf4c96f1e760b7,6.52,1
2026-03-29,9900112233,2201001,Google | Search | Brand,33001,Brand Exact,44001,sydney zoo discount,sydney zoo discount code,tablet,SEARCH,2026-03-29 14:22:50,EAIaIQob856f3510849f3232cd42f6,3.24,0
2026-03-29,9900112233,2201003,Google | Search | Competitor,33003,Competitor Terms,44003,taronga zoo tickets,taronga zoo prices,desktop,SEARCH,2026-03-29 16:25:41,,6.4,0
2026-03-29,9900112233,2201001,Google | Search | Brand,33001,Brand Exact,44001,sydney zoo discount,sydney zoo discount code,desktop,SEARCH,2026-03-29 19:24:30,EAIaIQob0af84fd81c783c2ed3b2f4,2.76,0
2026-03-29,9900112233,2201003,Google | Search | Competitor,33003,Competitor Terms,44003,featherdale wildlife park,featherdale tickets,mobile,SEARCH,2026-03-29 22:06:12,EAIaIQob57b01a0422bb3327a321e3,5.54,0
2026-03-30,9900112233,2201003,Google | Search | Competitor,33003,Competitor Terms,44003,aquarium tickets,sydney aquarium tickets,mobile,SEARCH,2026-03-30 01:03:44,EAIaIQobaf93078bc6d39b37663897,7.29,0
2026-03-30,9900112233,2201002,Google | Search | Generic,33002,Zoo Tickets,44002,wildlife park tickets,animal encounters sydney,mobile,SEARCH,2026-03-30 01:09:51,EAIaIQoba62e8ea1323bca7474cf7b,2.57,0
2026-03-30,9900112233,2201003,Google | Search | Competitor,33003,Competitor Terms,44003,taronga zoo tickets,taronga zoo family ticket,mobile,SEARCH,2026-03-30 05:55:12,EAIaIQob4cd0db7ad72a5379a570d6,7.04,0
2026-03-30,9900112233,2201001,Google | Search | Brand,33001,Brand Exact,44001,sydney zoo tickets,buy sydney zoo tickets,mobile,SEARCH,2026-03-30 07:18:14,EAIaIQob2fd7792acb94f1fb7d7b6f,3.2,0
2026-03-30,9900112233,2201003,Google | Search | Competitor,33003,Competitor Terms,44003,featherdale wildlife park,featherdale discount,mobile,SEARCH,2026-03-30 08:22:56,,7.97,0
2026-03-30,9900112233,2201003,Google | Search | Competitor,33003,Competitor Terms,44003,featherdale wildlife park,featherdale discount,desktop,SEARCH,2026-03-30 16:32:26,EAIaIQob916fb9ff321ae105216ece,2.42,1
2026-03-30,9900112233,2201001,Google | Search | Brand,33001,Brand Exact,44001,sydney zoo discount,sydney zoo discount code,mobile,SEARCH,2026-03-30 17:09:16,EAIaIQob60e1b93585270246209a1b,1.48,1
2026-03-30,9900112233,2201002,Google | Search | Generic,33002,Zoo Tickets,44002,family activities sydney,family day out sydney,desktop,SEARCH,2026-03-30 19:04:05,EAIaIQob7357ce3e0c396a07662b81,1.49,0
2026-03-30,9900112233,2201002,Google | Search | Generic,33002,Zoo Tickets,44002,family activities sydney,kids activities western sydney,mobile,SEARCH,2026-03-30 22:48:14,EAIaIQob2431ba7c6fe43dbf1c923b,4.0,0
2026-03-30,9900112233,2201002,Google | Search | Generic,33002,Zoo Tickets,44002,things to do sydney,weekend activities sydney,mobile,SEARCH,2026-03-30 23:03:20,EAIaIQob56a9ba2461c34fcd1e37c9,2.38,0
2026-03-30,9900112233,2201002,Google | Search | Generic,33002,Zoo Tickets,44002,zoo tickets,zoo tickets family pass,mobile,SEARCH,2026-03-30 23:40:15,EAIaIQob8824e737477b8bfa6ad585,6.26,0
2026-03-31,9900112233,2201002,Google | Search | Generic,33002,Zoo Tickets,44002,zoo tickets,buy zoo tickets,desktop,SEARCH,2026-03-31 00:34:44,EAIaIQob0fd638f093241dada3d360,8.0,0
2026-03-31,9900112233,2201003,Google | Search | Competitor,33003,Competitor Terms,44003,taronga zoo tickets,taronga zoo family ticket,mobile,SEARCH,2026-03-31 02:29:11,EAIaIQob57030231b2a18d049f6a5f,1.84,1
2026-03-31,9900112233,2201002,Google | Search | Generic,33002,Zoo Tickets,44002,family activities sydney,kids activities western sydney,desktop,SEARCH,2026-03-31 09:39:13,EAIaIQobcd2a4b5793613d8621790c,4.55,0
2026-03-31,9900112233,2201002,Google | Search | Generic,33002,Zoo Tickets,44002,family activities sydney,kids activities western sydney,mobile,SEARCH,2026-03-31 17:03:23,EAIaIQobf4d880c60b97f90a1b1dda,8.33,0
2026-03-31,9900112233,2201001,Google | Search | Brand,33001,Brand Exact,44001,sydney zoo,sydney zoo discount code,tablet,SEARCH,2026-03-31 18:54:19,EAIaIQobf5b4b925c9779f1acfc3bc,4.27,0
2026-03-31,9900112233,2201001,Google | Search | Brand,33001,Brand Exact,44001,sydney zoo discount,sydney zoo discount code,tablet,SEARCH,2026-03-31 22:17:51,EAIaIQob547ccc69efaf6fc1413da1,3.57,1
2026-04-01,9900112233,2201002,Google | Search | Generic,33002,Zoo Tickets,44002,things to do sydney,weekend activities sydney,mobile,SEARCH,2026-04-01 00:34:39,EAIaIQob59560eee33b29644202f21,2.66,0
2026-04-01,9900112233,2201002,Google | Search | Generic,33002,Zoo Tickets,44002,zoo tickets,cheap zoo tickets sydney,mobile,SEARCH,2026-04-01 08:40:15,EAIaIQob7797e220d8301c130ed819,2.94,0
2026-04-01,9900112233,2201001,Google | Search | Brand,33001,Brand Exact,44001,sydney zoo discount,sydney zoo discount code,mobile,SEARCH,2026-04-01 14:07:33,EAIaIQob6929f0f3669e622536911d,6.77,0
2026-04-01,9900112233,2201002,Google | Search | Generic,33002,Zoo Tickets,44002,family activities sydney,kids activities western sydney,desktop,SEARCH,2026-04-01 17:39:13,EAIaIQobe80fa66db6f7c5ced964ce,2.39,0
2026-04-02,9900112233,2201001,Google | Search | Brand,33001,Brand Exact,44001,sydney zoo tickets,sydney zoo family pass,mobile,SEARCH,2026-04-02 17:52:45,EAIaIQob0cadd9dd7952de93c1d58c,6.55,0
2026-04-02,9900112233,2201001,Google | Search | Brand,33001,Brand Exact,44001,sydney zoo discount,sydney zoo discount code,mobile,SEARCH,2026-04-02 18:32:12,EAIaIQobda967d89e8ec73e9d99071,5.32,1
2026-04-02,9900112233,2201003,Google | Search | Competitor,33003,Competitor Terms,44003,taronga zoo tickets,taronga zoo family ticket,mobile,SEARCH,2026-04-02 18:52:39,EAIaIQobc1ad8499f622f597cee4b4,1.6,0
2026-04-03,9900112233,2201001,Google | Search | Brand,33001,Brand Exact,44001,sydney zoo,sydney zoo tickets online,mobile,SEARCH,2026-04-03 06:48:48,EAIaIQobf5beccdca9c885e1de382d,4.06,0
2026-04-03,9900112233,2201001,Google | Search | Brand,33001,Brand Exact,44001,sydney zoo discount,sydney zoo discount code,mobile,SEARCH,2026-04-03 11:07:33,,5.82,0
2026-04-03,9900112233,2201001,Google | Search | Brand,33001,Brand Exact,44001,sydney zoo discount,sydney zoo discount code,mobile,SEARCH,2026-04-03 23:36:18,EAIaIQoba26ab8aa440ec2bd61f470,3.65,0
